"2001 Multi-member Ward Populations - Data Zone, Output Area & Postcode Based",,,,,,,,,,,,,,,,,,,,,,
,,,,,,,,,,,,,,,,,,,,,,
,CODE,MULTIMEMBER WARD NAME,PC POPULATION,,PCs,,OA POPULATION,,OAs,,Δ (OA POP - PC POP),,%Δ (OA POP - PC POP),,DZ POPULATION,,DZs,,Δ (DZ POP - PC POP),,%Δ (DZ POP - PC POP),
,101,Dyce/Bucksburn/Danestone,"17,788",,481,,"17,808",,143,,20,,0.11,,"17,269",,22,,-519,,-2.92,
,102,Bridge of Don,"19,456",,379,,"19,452",,146,,-4,,-0.02,,"19,804",,27,,348,,1.79,
,103,Kingswells/Sheddocksley,"14,722",,323,,"14,681",,122,,-41,,-0.28,,"14,112",,18,,-610,,-4.14,
,104,Northfield,"16,804",,388,,"16,872",,141,,68,,0.40,,"17,235",,22,,431,,2.56,
,105,Hilton/Stockethill,"14,793",,346,,"14,801",,142,,8,,0.05,,"15,433",,20,,640,,4.33,
,106,Tillydrone/Seaton/Old Aberdeen,"14,338",,309,,"14,194",,125,,-144,,-1.00,,"14,554",,18,,216,,1.51,
,107,Midstocket/Rosemount,"14,884",,437,,"14,970",,143,,86,,0.58,,"14,229",,17,,-655,,-4.40,
,108,George St/Harbour,"14,749",,472,,"14,785",,150,,36,,0.24,,"14,339",,16,,-410,,-2.78,
,109,Lower Deeside,"15,019",,444,,"15,058",,120,,39,,0.26,,"14,843",,19,,-176,,-1.17,
,110,Hazlehead/Ashley/Queens Cross,"18,253",,495,,"18,135",,162,,-118,,-0.65,,"18,921",,23,,668,,3.66,
,111,Airyhall/Broomhill/Garthdee,"15,719",,391,,"15,733",,136,,14,,0.09,,"15,761",,19,,42,,0.27,
,112,Torry/Ferryhill,"19,555",,537,,"19,615",,196,,60,,0.31,,"19,604",,26,,49,,0.25,
,113,Kincorth/Loirston,"16,018",,396,,"16,021",,135,,3,,0.02,,"16,021",,20,,3,,0.02,
,201,Banff and District,"11,206",,581,,"11,255",,93,,49,,0.44,,"10,958",,13,,-248,,-2.21,
,202,Troup,"9,639",,488,,"9,503",,75,,-136,,-1.41,,"9,352",,13,,-287,,-2.98,
,203,Fraserburgh and District,"14,965",,362,,"14,984",,114,,19,,0.13,,"14,876",,19,,-89,,-0.59,
,204,Central Buchan,"12,661",,648,,"12,688",,97,,27,,0.21,,"13,362",,20,,701,,5.54,
,205,Peterhead North and Rattray,"13,680",,436,,"13,945",,117,,265,,1.94,,"13,582",,18,,-98,,-0.72,
,206,Peterhead South and Cruden,"12,679",,331,,"12,527",,97,,-152,,-1.20,,"12,715",,15,,36,,0.28,
,207,Turriff and District,"10,798",,557,,"10,785",,85,,-13,,-0.12,,"10,686",,15,,-112,,-1.04,
,208,Mid Formartine,"12,899",,485,,"12,846",,97,,-53,,-0.41,,"13,914",,18,,"1,015",,7.87,
,209,Ellon and District,"13,041",,428,,"12,847",,94,,-194,,-1.49,,"12,112",,17,,-929,,-7.12,
,210,West Garioch,"10,252",,399,,"10,239",,74,,-13,,-0.13,,"9,437",,13,,-815,,-7.95,
,211,Inverurie and District,"11,543",,308,,"11,597",,91,,54,,0.47,,"11,648",,16,,105,,0.91,
,212,East Garioch,"8,055",,265,,"8,098",,65,,43,,0.53,,"7,586",,10,,-469,,-5.82,
,213,Westhill and District,"12,972",,378,,"13,013",,93,,41,,0.32,,"13,780",,18,,808,,6.23,
,214,"Huntly, Strathbogie and Howe of Alford","13,982",,714,,"14,027",,111,,45,,0.32,,"15,206",,19,,"1,224",,8.75,
,215,"Aboyne, Upper Deeside and Donside","10,490",,588,,"10,535",,85,,45,,0.43,,"10,718",,15,,228,,2.17,
,216,Banchory and Mid Deeside,"9,485",,349,,"9,476",,75,,-9,,-0.09,,"8,794",,12,,-691,,-7.29,
,217,North Kincardine,"13,147",,283,,"13,150",,92,,3,,0.02,,"12,856",,16,,-291,,-2.21,
,218,Stonehaven and Lower Deeside,"12,576",,371,,"12,564",,100,,-12,,-0.10,,"12,872",,17,,296,,2.35,
,219,Mearns,"12,828",,509,,"12,792",,103,,-36,,-0.28,,"12,417",,17,,-411,,-3.20,
,301,Kirriemuir and Dean,"10,905",,533,,"10,779",,93,,-126,,-1.16,,"9,930",,15,,-975,,-8.94,
,302,Brechin and Edzell,"11,132",,444,,"11,101",,99,,-31,,-0.28,,"11,745",,15,,613,,5.51,
,303,Forfar and District,"14,930",,431,,"14,968",,132,,38,,0.25,,"15,145",,19,,215,,1.44,
,304,Monifeith and Sidlaw,"14,509",,428,,"14,550",,118,,41,,0.28,,"14,629",,20,,120,,0.83,
,305,Carnoustie and District,"12,006",,337,,"12,013",,99,,7,,0.06,,"11,954",,15,,-52,,-0.43,
,306,Arbroath West and Letham,"14,838",,448,,"14,934",,120,,96,,0.65,,"16,076",,20,,"1,238",,8.34,
,307,Arbroath East and Lunan,"15,446",,517,,"15,459",,136,,13,,0.08,,"14,237",,19,,"-1,209",,-7.83,
,308,Montrose and District,"14,634",,404,,"14,596",,134,,-38,,-0.26,,"14,684",,19,,50,,0.34,
,401,South Kintyre,"7,184",,188,,"7,216",,64,,32,,0.45,,"7,609",,10,,425,,5.92,
,402,Kintyre and the Islands,"6,845",,257,,"6,780",,59,,-65,,-0.95,,"6,464",,9,,-381,,-5.57,
,403,Mid Argyll,"7,726",,225,,"7,747",,62,,21,,0.27,,"7,670",,10,,-56,,-0.72,
,404,Oban South and the Isles,"9,599",,323,,"9,513",,87,,-86,,-0.90,,"9,796",,13,,197,,2.05,
,405,Oban North and Lorn,"9,553",,311,,"9,651",,79,,98,,1.03,,"9,368",,13,,-185,,-1.94,
,406,Cowal,"7,560",,228,,"7,577",,70,,17,,0.22,,"8,137",,10,,577,,7.63,
,407,Dunoon,"7,781",,244,,"7,785",,76,,4,,0.05,,"7,171",,10,,-610,,-7.84,
,408,Isle of Bute,"7,228",,256,,"7,228",,70,,0,,0.00,,"7,228",,11,,0,,0.00,
,409,Lomond North,"10,553",,302,,"10,486",,71,,-67,,-0.63,,"10,331",,12,,-222,,-2.10,
,410,Helensburgh Central,"10,059",,408,,"10,100",,90,,41,,0.41,,"10,093",,13,,34,,0.34,
,411,Helensburgh and Lomond South,"7,201",,225,,"7,223",,57,,22,,0.31,,"7,439",,11,,238,,3.31,
,501,Tweeddale West,"9,542",,306,,"9,535",,78,,-7,,-0.07,,"9,281",,11,,-261,,-2.74,
,502,Tweeddale East,"8,530",,264,,"8,523",,68,,-7,,-0.08,,"8,771",,10,,241,,2.83,
,503,Galashiels and District,"13,821",,453,,"13,805",,123,,-16,,-0.12,,"13,700",,17,,-121,,-0.88,
,504,Selkirkshire,"9,576",,390,,"9,540",,86,,-36,,-0.38,,"9,983",,12,,407,,4.25,
,505,Leaderdale and Melrose,"9,118",,404,,"9,073",,74,,-45,,-0.49,,"8,921",,11,,-197,,-2.16,
,506,Mid Berwickshire,"9,682",,400,,"9,591",,84,,-91,,-0.94,,"9,083",,11,,-599,,-6.19,
,507,East Berwickshire,"9,973",,352,,"10,015",,82,,42,,0.42,,"10,628",,14,,655,,6.57,
,508,Kelso and District,"9,335",,334,,"9,428",,79,,93,,1.00,,"9,473",,11,,138,,1.48,
,509,Jedburgh and District,"8,398",,368,,"8,508",,77,,110,,1.31,,"7,629",,10,,-769,,-9.16,
,510,Hawick and Denholm,"9,537",,325,,"9,555",,88,,18,,0.19,,"9,792",,12,,255,,2.67,
,511,Hawick and Hermitage,"9,252",,369,,"9,191",,93,,-61,,-0.66,,"9,503",,11,,251,,2.71,
,601,Clackmannanshire West,"9,617",,177,,"9,558",,73,,-59,,-0.61,,"9,668",,12,,51,,0.53,
,602,Clackmannanshire North,"11,693",,327,,"11,681",,98,,-12,,-0.10,,"11,747",,16,,54,,0.46,
,603,Clackmannanshire Central,"8,082",,170,,"7,958",,60,,-124,,-1.53,,"8,609",,12,,527,,6.52,
,604,Clackmannanshire South,"11,205",,257,,"11,272",,92,,67,,0.60,,"10,659",,14,,-546,,-4.87,
,605,Clackmannanshire East,"7,480",,228,,"7,608",,63,,128,,1.71,,"7,394",,10,,-86,,-1.15,
,701,Lomond,"12,006",,289,,"11,934",,103,,-72,,-0.60,,"11,891",,15,,-115,,-0.96,
,702,Leven,"19,096",,391,,"19,125",,153,,29,,0.15,,"18,579",,23,,-517,,-2.71,
,703,Dumbarton,"16,824",,451,,"16,861",,146,,37,,0.22,,"17,741",,24,,917,,5.45,
,704,Kilpatrick,"12,414",,285,,"12,401",,103,,-13,,-0.10,,"12,959",,16,,545,,4.39,
,705,Clydebank Central,"16,413",,367,,"16,394",,145,,-19,,-0.12,,"15,642",,19,,-771,,-4.70,
,706,Clydebank Waterfront,"16,642",,395,,"16,663",,151,,21,,0.13,,"16,566",,21,,-76,,-0.46,
,801,Stranraer and North Rhins,"9,846",,364,,"9,994",,83,,148,,1.50,,"9,738",,13,,-108,,-1.10,
,802,Wigtown West,"9,065",,553,,"8,946",,78,,-119,,-1.31,,"9,202",,11,,137,,1.51,
,803,Mid Galloway,"9,618",,564,,"9,602",,86,,-16,,-0.17,,"9,602",,13,,-16,,-0.17,
,804,Dee,"9,589",,531,,"9,562",,84,,-27,,-0.28,,"10,213",,13,,624,,6.51,
,805,Castle Douglas and Glenkens,"9,687",,488,,"9,592",,83,,-95,,-0.98,,"8,760",,12,,-927,,-9.57,
,806,Abbey,"11,726",,469,,"11,883",,102,,157,,1.34,,"11,646",,15,,-80,,-0.68,
,807,North West Dumfries,"13,513",,354,,"13,454",,113,,-59,,-0.44,,"13,533",,17,,20,,0.15,
,808,Mid and Upper Nithsdale,"11,886",,558,,"11,845",,104,,-41,,-0.34,,"12,653",,16,,767,,6.45,
,809,Lochar,"11,381",,341,,"11,568",,94,,187,,1.64,,"10,770",,15,,-611,,-5.37,
,810,Nith,"13,048",,432,,"12,817",,107,,-231,,-1.77,,"12,628",,16,,-420,,-3.22,
,811,Annandale South,"13,839",,477,,"13,846",,118,,7,,0.05,,"14,443",,20,,604,,4.36,
,812,Annandale North,"12,433",,556,,"12,444",,104,,11,,0.09,,"13,104",,17,,671,,5.40,
,813,Annandale East,"12,134",,557,,"12,212",,100,,78,,0.64,,"11,473",,15,,-661,,-5.45,
,901,Strathmartine,"18,945",,519,,"18,946",,158,,1,,0.01,,"19,215",,24,,270,,1.43,
,902,Lochee,"20,775",,555,,"20,875",,189,,100,,0.48,,"20,750",,26,,-25,,-0.12,
,903,West End,"19,342",,542,,"19,282",,158,,-60,,-0.31,,"19,658",,22,,316,,1.63,
,904,Coldside,"20,656",,582,,"20,640",,207,,-16,,-0.08,,"19,248",,23,,"-1,408",,-6.82,
,905,Maryfield,"15,009",,539,,"15,045",,141,,36,,0.24,,"15,885",,19,,876,,5.84,
,906,North East (Dundee),"15,942",,342,,"15,935",,131,,-7,,-0.04,,"16,314",,21,,372,,2.33,
,907,East End,"16,545",,423,,"16,419",,145,,-126,,-0.76,,"16,072",,21,,-473,,-2.86,
,908,The Ferry,"18,449",,557,,"18,521",,158,,72,,0.39,,"18,521",,23,,72,,0.39,
,1001,Annick,"11,455",,403,,"11,453",,93,,-2,,-0.02,,"11,175",,14,,-280,,-2.44,
,1002,Kilmarnock North,"10,690",,236,,"10,644",,82,,-46,,-0.43,,"10,132",,13,,-558,,-5.22,
,1003,Kilmarnock West and Crosshouse,"15,046",,496,,"15,123",,140,,77,,0.51,,"15,647",,21,,601,,3.99,
,1004,Kilmarnock East and Hurlford,"15,618",,402,,"15,604",,132,,-14,,-0.09,,"15,433",,20,,-185,,-1.18,
,1005,Kilmarnock South,"11,643",,281,,"11,534",,98,,-109,,-0.94,,"11,737",,14,,94,,0.81,
,1006,Irvine Valley,"14,320",,491,,"14,215",,119,,-105,,-0.73,,"14,000",,18,,-320,,-2.23,
,1007,Ballochmyle,"15,100",,477,,"15,204",,121,,104,,0.69,,"15,438",,18,,338,,2.24,
,1008,Cumnock and New Cumnock,"14,752",,481,,"14,802",,125,,50,,0.34,,"14,762",,19,,10,,0.07,
,1009,Doon Valley,"11,611",,287,,"11,656",,93,,45,,0.39,,"11,911",,17,,300,,2.58,
,1101,Milngavie,"13,534",,393,,"13,554",,107,,20,,0.15,,"13,846",,17,,312,,2.31,
,1102,Bearsden North,"14,662",,360,,"14,703",,106,,41,,0.28,,"14,974",,17,,312,,2.13,
,1103,Bearsden South,"13,325",,361,,"13,264",,106,,-61,,-0.46,,"12,993",,16,,-332,,-2.49,
,1104,Campsie and Kirkintilloch North,"11,788",,360,,"11,810",,88,,22,,0.19,,"11,825",,14,,37,,0.31,
,1105,Bishopbriggs North and Torrance,"14,518",,391,,"14,232",,105,,-286,,-1.97,,"13,753",,16,,-765,,-5.27,
,1106,Bishopbriggs South,"12,441",,301,,"12,448",,91,,7,,0.06,,"12,635",,14,,194,,1.56,
,1107,Lenzie and Kirkintilloch South,"14,155",,401,,"14,526",,107,,371,,2.62,,"13,503",,16,,-652,,-4.61,
,1108,Kirkintilloch East and Twechar,"13,820",,352,,"13,706",,113,,-114,,-0.82,,"14,714",,17,,894,,6.47,
,1201,Musselburgh West,"10,940",,238,,"10,951",,92,,11,,0.10,,"10,708",,15,,-232,,-2.12,
,1202,Musselburgh East and Carberry,"13,044",,378,,"13,040",,111,,-4,,-0.03,,"12,650",,17,,-394,,-3.02,
,1203,Preston/Seton/Gosford,"15,797",,417,,"15,743",,132,,-54,,-0.34,,"15,743",,21,,-54,,-0.34,
,1204,Fa'side,"15,380",,438,,"15,454",,124,,74,,0.48,,"16,197",,21,,817,,5.31,
,1205,North Berwick Coastal,"11,483",,451,,"11,351",,102,,-132,,-1.15,,"11,376",,16,,-107,,-0.93,
,1206,Haddington and Lammermuir,"12,570",,407,,"12,575",,106,,5,,0.04,,"12,507",,16,,-63,,-0.50,
,1207,Dunbar and East Linton,"10,874",,338,,"10,974",,93,,100,,0.92,,"10,907",,14,,33,,0.30,
,1301,"Neilston, Uplawmoor and Newton Mearns North","17,589",,460,,"17,473",,121,,-116,,-0.66,,"17,914",,24,,325,,1.85,
,1302,Barrhead,"17,838",,416,,"17,865",,149,,27,,0.15,,"17,544",,24,,-294,,-1.65,
,1303,Giffnock and Thornliebank,"14,191",,348,,"14,204",,114,,13,,0.09,,"14,490",,19,,299,,2.11,
,1304,"Netherlee, Stamperland and Williamwood","13,531",,306,,"13,535",,103,,4,,0.03,,"13,887",,19,,356,,2.63,
,1305,Newton Mearns South,"12,093",,342,,"12,270",,90,,177,,1.46,,"12,150",,15,,57,,0.47,
,1306,"Busby, Clarkston and Eaglesham","14,069",,380,,"13,964",,111,,-105,,-0.75,,"13,326",,19,,-743,,-5.28,
,1401,Almond,"24,960",,715,,"25,025",,189,,65,,0.26,,"25,106",,31,,146,,0.58,
,1402,Pentland Hills,"23,333",,569,,"23,401",,178,,68,,0.29,,"22,777",,26,,-556,,-2.38,
,1403,Drum Brae/Gyle,"22,353",,553,,"22,300",,189,,-53,,-0.24,,"22,980",,27,,627,,2.80,
,1404,Forth,"29,302",,837,,"29,412",,273,,110,,0.38,,"28,857",,35,,-445,,-1.52,
,1405,Inverleith,"29,703",,822,,"29,639",,283,,-64,,-0.22,,"30,293",,36,,590,,1.99,
,1406,Corstorphine/Murrayfield,"22,802",,661,,"22,943",,201,,141,,0.62,,"22,257",,27,,-545,,-2.39,
,1407,Sighthill/Gorgie,"35,358",,813,,"35,254",,340,,-104,,-0.29,,"35,462",,45,,104,,0.29,
,1408,Colinton/Fairmilehead,"25,118",,608,,"25,099",,197,,-19,,-0.08,,"25,605",,31,,487,,1.94,
,1409,Fountainbridge/Craiglockhart,"21,057",,490,,"21,084",,201,,27,,0.13,,"20,698",,27,,-359,,-1.70,
,1410,Meadows/Morningside,"33,258",,718,,"33,330",,272,,72,,0.22,,"34,305",,43,,"1,047",,3.15,
,1411,City Centre,"22,456",,847,,"22,340",,214,,-116,,-0.52,,"21,443",,26,,"-1,013",,-4.51,
,1412,Leith Walk,"25,446",,521,,"25,322",,260,,-124,,-0.49,,"25,289",,31,,-157,,-0.62,
,1413,Leith,"18,530",,503,,"18,532",,183,,2,,0.01,,"18,913",,23,,383,,2.07,
,1414,Craigentinny/Duddingston,"25,232",,585,,"25,427",,234,,195,,0.77,,"24,876",,34,,-356,,-1.41,
,1415,Southside/Newington,"32,169",,730,,"32,094",,264,,-75,,-0.23,,"33,083",,38,,914,,2.84,
,1416,Liberton/Gilmerton,"33,178",,856,,"33,292",,284,,114,,0.34,,"32,644",,40,,-534,,-1.61,
,1417,Portobello/Craigmillar,"24,363",,695,,"24,130",,213,,-233,,-0.96,,"24,036",,29,,-327,,-1.34,
,1501,Bo'ness and Blackness,"14,779",,395,,"14,780",,126,,1,,0.01,,"14,780",,20,,1,,0.01,
,1502,Grangemouth,"18,268",,438,,"18,232",,165,,-36,,-0.20,,"17,906",,25,,-362,,-1.98,
,1503,Denny and Banknock,"17,413",,402,,"17,354",,136,,-59,,-0.34,,"17,354",,25,,-59,,-0.34,
,1504,"Carse, Kinnaird and Tryst","18,160",,386,,"18,321",,147,,161,,0.89,,"18,441",,25,,281,,1.55,
,1505,Bonnybridge and Larbert,"13,043",,329,,"13,009",,98,,-34,,-0.26,,"13,215",,16,,172,,1.32,
,1506,Falkirk North,"17,555",,513,,"17,542",,163,,-13,,-0.07,,"17,348",,25,,-207,,-1.18,
,1507,Falkirk South,"18,492",,393,,"18,544",,156,,52,,0.28,,"18,630",,26,,138,,0.75,
,1508,Lower Braes,"13,112",,307,,"13,101",,110,,-11,,-0.08,,"13,330",,16,,218,,1.66,
,1509,Upper Braes,"14,369",,399,,"14,308",,109,,-61,,-0.42,,"14,187",,19,,-182,,-1.27,
,1601,West Fife and Coastal Villages,"18,194",,506,,"18,248",,145,,54,,0.30,,"18,388",,23,,194,,1.07,
,1602,Dunfermline North,"12,344",,281,,"12,303",,106,,-41,,-0.33,,"13,830",,17,,"1,486",,12.04,
,1603,Dunfermline Central,"18,174",,477,,"18,121",,146,,-53,,-0.29,,"16,766",,21,,"-1,408",,-7.75,
,1604,Dunfermline South,"15,066",,294,,"15,093",,127,,27,,0.18,,"14,824",,19,,-242,,-1.61,
,1605,Rosyth,"13,568",,293,,"13,530",,108,,-38,,-0.28,,"13,637",,19,,69,,0.51,
,1606,Inverkeithing and Dalgety Bay,"17,491",,380,,"17,506",,138,,15,,0.09,,"17,270",,22,,-221,,-1.26,
,1607,The Lochs,"12,659",,270,,"12,715",,104,,56,,0.44,,"12,488",,17,,-171,,-1.35,
,1608,Cowdenbeath,"13,673",,304,,"13,623",,115,,-50,,-0.37,,"13,578",,17,,-95,,-0.69,
,1609,Lochgelly and Cardenden,"12,606",,278,,"12,528",,106,,-78,,-0.62,,"12,782",,17,,176,,1.40,
,1610,"Burntisland, Kinghorn and Western Kirkcaldy","13,044",,349,,"13,133",,112,,89,,0.68,,"13,063",,17,,19,,0.15,
,1611,Kirkcaldy North,"14,553",,224,,"14,552",,114,,-1,,-0.01,,"15,015",,19,,462,,3.17,
,1612,Kirkcaldy Central,"15,234",,329,,"15,138",,135,,-96,,-0.63,,"14,491",,19,,-743,,-4.88,
,1613,Kirkcaldy East,"13,768",,380,,"13,796",,132,,28,,0.20,,"14,026",,19,,258,,1.87,
,1614,Glenrothes West and Kinglassie,"18,667",,359,,"18,757",,149,,90,,0.48,,"18,429",,24,,-238,,-1.27,
,1615,"Glenrothes North, Leslie and Markinch","17,621",,420,,"17,549",,141,,-72,,-0.41,,"17,728",,22,,107,,0.61,
,1616,Glenrothes Central and Thornton,"13,939",,360,,"13,995",,121,,56,,0.40,,"14,038",,18,,99,,0.71,
,1617,Howe of Fife and Tay Coast,"14,779",,546,,"14,540",,124,,-239,,-1.62,,"15,137",,20,,358,,2.42,
,1618,Tay Bridgehead,"13,609",,446,,"13,616",,115,,7,,0.05,,"13,472",,19,,-137,,-1.01,
,1619,St Andrews,"16,573",,386,,"16,634",,122,,61,,0.37,,"16,881",,20,,308,,1.86,
,1620,East Neuk and Landward,"13,320",,538,,"13,335",,121,,15,,0.11,,"12,970",,18,,-350,,-2.63,
,1621,Cupar,"13,737",,424,,"13,903",,117,,166,,1.21,,"12,957",,16,,-780,,-5.68,
,1622,"Leven, Kennoway and Largo","17,641",,499,,"17,670",,159,,29,,0.16,,"18,281",,25,,640,,3.63,
,1623,"Buckhaven, Methil and Wemyss Villages","19,169",,474,,"19,144",,167,,-25,,-0.13,,"19,378",,25,,209,,1.09,
,1701,Linn,"29,518",,616,,"29,356",,256,,-162,,-0.55,,"29,057",,37,,-461,,-1.56,
,1702,Newlands/Auldburn,"23,786",,535,,"23,906",,210,,120,,0.50,,"24,378",,29,,592,,2.49,
,1703,Greater Pollok,"29,438",,644,,"29,372",,237,,-66,,-0.22,,"29,474",,33,,36,,0.12,
,1704,Craigton,"31,380",,684,,"31,455",,265,,75,,0.24,,"31,022",,37,,-358,,-1.14,
,1705,Govan,"29,989",,832,,"29,936",,285,,-53,,-0.18,,"30,482",,35,,493,,1.64,
,1706,Pollokshields,"21,369",,542,,"21,445",,171,,76,,0.36,,"21,027",,24,,-342,,-1.60,
,1707,Langside,"22,562",,445,,"22,631",,214,,69,,0.31,,"22,685",,27,,123,,0.55,
,1708,Southside Central,"28,490",,632,,"28,431",,274,,-59,,-0.21,,"28,407",,36,,-83,,-0.29,
,1709,Calton,"20,286",,653,,"20,063",,191,,-223,,-1.10,,"21,431",,27,,"1,145",,5.64,
,1710,Anderston/City,"22,336",,999,,"22,324",,188,,-12,,-0.05,,"21,747",,24,,-589,,-2.64,
,1711,Hillhead,"25,687",,634,,"25,970",,243,,283,,1.10,,"25,902",,32,,215,,0.84,
,1712,Partick West,"28,762",,707,,"28,458",,277,,-304,,-1.06,,"29,324",,33,,562,,1.95,
,1713,Garscadden/Scotstounhill,"28,385",,667,,"28,527",,255,,142,,0.50,,"28,814",,37,,429,,1.51,
,1714,Drumchapel/Anniesland,"28,308",,713,,"28,214",,254,,-94,,-0.33,,"28,173",,34,,-135,,-0.48,
,1715,Maryhill/Kelvin,"29,175",,673,,"29,126",,270,,-49,,-0.17,,"27,692",,32,,"-1,483",,-5.08,
,1716,Canal,"29,920",,692,,"29,945",,264,,25,,0.08,,"31,058",,36,,"1,138",,3.80,
,1717,Springburn,"24,315",,483,,"24,316",,242,,1,,0.00,,"24,352",,29,,37,,0.15,
,1718,East Centre,"28,833",,756,,"28,917",,274,,84,,0.29,,"28,885",,35,,52,,0.18,
,1719,Shettleston,"27,985",,698,,"28,187",,251,,202,,0.72,,"26,740",,33,,"-1,245",,-4.45,
,1720,Baillieston,"32,164",,739,,"32,056",,260,,-108,,-0.34,,"32,796",,40,,632,,1.96,
,1721,North East (Glasgow),"35,181",,702,,"35,234",,282,,53,,0.15,,"34,423",,44,,-758,,-2.15,
,1801,"North, West and Central Sutherland","6,122",,249,,"6,149",,56,,27,,0.44,,"5,827",,9,,-295,,-4.82,
,1802,Thurso,"7,972",,291,,"7,940",,70,,-32,,-0.40,,"7,830",,11,,-142,,-1.78,
,1803,Wick,"7,733",,230,,"7,742",,64,,9,,0.12,,"7,232",,11,,-501,,-6.48,
,1804,Landward Caithness,"9,885",,303,,"9,905",,79,,20,,0.20,,"10,525",,15,,640,,6.47,
,1805,East Sutherland and Edderton,"7,308",,302,,"7,237",,63,,-71,,-0.97,,"7,642",,12,,334,,4.57,
,1806,"Wester Ross, Strathpeffer and Lochalsh","11,647",,488,,"11,626",,96,,-21,,-0.18,,"11,220",,16,,-427,,-3.67,
,1807,Cromarty Firth,"11,740",,330,,"11,812",,97,,72,,0.61,,"11,506",,16,,-234,,-1.99,
,1808,Tain and Easter Ross,"8,614",,307,,"8,648",,75,,34,,0.39,,"8,646",,12,,32,,0.37,
,1809,Dingwall and Seaforth,"10,892",,289,,"10,753",,89,,-139,,-1.28,,"11,742",,16,,850,,7.80,
,1810,Black Isle,"9,183",,280,,"9,198",,73,,15,,0.16,,"8,928",,12,,-255,,-2.78,
,1811,Eilean a'ChÞo,"9,445",,391,,"9,445",,82,,0,,0.00,,"9,445",,13,,0,,0.00,
,1812,Caol and Mallaig,"8,221",,237,,"8,215",,66,,-6,,-0.07,,"7,688",,11,,-533,,-6.48,
,1813,Aird and Loch Ness,"9,393",,301,,"9,490",,82,,97,,1.03,,"8,873",,13,,-520,,-5.54,
,1814,Inverness West,"8,383",,137,,"8,408",,67,,25,,0.30,,"8,419",,11,,36,,0.43,
,1815,Inverness Central,"12,808",,438,,"12,667",,121,,-141,,-1.10,,"13,378",,17,,570,,4.45,
,1816,Inverness Ness-Side,"10,468",,231,,"10,407",,90,,-61,,-0.58,,"10,013",,14,,-455,,-4.35,
,1817,Inverness Millburn,"8,663",,213,,"8,684",,67,,21,,0.24,,"8,272",,10,,-391,,-4.51,
,1818,Culloden and Ardersier,"11,395",,218,,"11,485",,82,,90,,0.79,,"11,175",,15,,-220,,-1.93,
,1819,Nairn,"10,486",,359,,"10,455",,88,,-31,,-0.30,,"10,660",,16,,174,,1.66,
,1820,Inverness South,"6,245",,128,,"6,360",,51,,115,,1.84,,"7,078",,10,,833,,13.34,
,1821,Badenoch and Strathspey,"11,757",,405,,"11,763",,101,,6,,0.05,,"11,672",,16,,-85,,-0.72,
,1822,Fort William and Ardnamurchan,"10,554",,358,,"10,525",,92,,-29,,-0.27,,"11,143",,16,,589,,5.58,
,1901,Inverclyde East,"14,303",,400,,"14,426",,126,,123,,0.86,,"14,927",,18,,624,,4.36,
,1902,Inverclyde East Central,"18,675",,490,,"18,667",,158,,-8,,-0.04,,"18,594",,24,,-81,,-0.43,
,1903,Inverclyde North,"15,888",,479,,"15,846",,147,,-42,,-0.26,,"16,042",,22,,154,,0.97,
,1904,Inverclyde South,"12,857",,266,,"12,801",,116,,-56,,-0.44,,"11,765",,15,,"-1,092",,-8.49,
,1905,Inverclyde West,"11,035",,247,,"11,034",,92,,-1,,-0.01,,"11,034",,15,,-1,,-0.01,
,1906,Inverclyde South West,"11,445",,274,,"11,429",,82,,-16,,-0.14,,"11,841",,16,,396,,3.46,
,2001,Penicuik,"14,488",,389,,"14,290",,112,,-198,,-1.37,,"14,409",,20,,-79,,-0.55,
,2002,Bonnyrigg,"14,759",,400,,"14,776",,117,,17,,0.12,,"15,072",,21,,313,,2.12,
,2003,Dalkeith,"11,387",,322,,"11,372",,99,,-15,,-0.13,,"10,949",,15,,-438,,-3.85,
,2004,Midlothian West,"13,742",,457,,"13,764",,117,,22,,0.16,,"13,863",,20,,121,,0.88,
,2005,Midlothian East,"14,175",,538,,"14,158",,113,,-17,,-0.12,,"14,581",,19,,406,,2.86,
,2006,Midlothian South,"12,390",,457,,"12,581",,106,,191,,1.54,,"12,067",,17,,-323,,-2.61,
,2101,Speyside Glenlivet,"8,468",,392,,"8,362",,77,,-106,,-1.25,,"8,260",,12,,-208,,-2.46,
,2102,Keith and Cullen,"9,937",,479,,"10,038",,83,,101,,1.02,,"9,989",,14,,52,,0.52,
,2103,Buckie,"9,645",,331,,"9,617",,83,,-28,,-0.29,,"9,147",,12,,-498,,-5.16,
,2104,Fochabers Lhanbryde,"9,344",,325,,"9,399",,76,,55,,0.59,,"9,753",,13,,409,,4.38,
,2105,Heldon and Laich,"13,579",,418,,"13,500",,99,,-79,,-0.58,,"13,922",,17,,343,,2.53,
,2106,Elgin City North,"11,075",,264,,"11,033",,91,,-42,,-0.38,,"11,033",,15,,-42,,-0.38,
,2107,Elgin City South,"9,899",,261,,"9,949",,83,,50,,0.51,,"9,704",,12,,-195,,-1.97,
,2108,Forres,"14,993",,367,,"15,042",,126,,49,,0.33,,"15,132",,21,,139,,0.93,
,2201,Irvine West,"19,769",,524,,"19,795",,174,,26,,0.13,,"19,648",,26,,-121,,-0.61,
,2202,Irvine East,"19,953",,418,,"19,933",,145,,-20,,-0.10,,"20,036",,26,,83,,0.42,
,2203,Kilwinning,"16,846",,435,,"17,029",,139,,183,,1.09,,"17,304",,24,,458,,2.72,
,2204,Saltcoats and Stevenston,"19,927",,525,,"19,733",,169,,-194,,-0.97,,"19,718",,26,,-209,,-1.05,
,2205,Ardrossan and Arran,"16,957",,467,,"16,992",,142,,35,,0.21,,"16,700",,21,,-257,,-1.52,
,2206,Dalry and West Kilbride,"11,767",,430,,"11,832",,96,,65,,0.55,,"11,801",,15,,34,,0.29,
,2207,Kilbirnie and Beith,"14,234",,424,,"14,208",,120,,-26,,-0.18,,"14,388",,19,,154,,1.08,
,2208,North Coast and Cumbraes,"16,364",,522,,"16,295",,147,,-69,,-0.42,,"16,222",,22,,-142,,-0.87,
,2301,Kilsyth,"12,292",,317,,"12,292",,100,,0,,0.00,,"12,292",,17,,0,,0.00,
,2302,Cumbernauld North,"15,948",,246,,"15,948",,108,,0,,0.00,,"15,506",,21,,-442,,-2.77,
,2303,Cumbernauld South,"20,379",,310,,"20,333",,159,,-46,,-0.23,,"20,882",,26,,503,,2.47,
,2304,"Abronhill, Kildrum and the Village","15,966",,252,,"15,979",,123,,13,,0.08,,"15,872",,20,,-94,,-0.59,
,2305,Strathkelvin,"17,040",,484,,"17,028",,137,,-12,,-0.07,,"17,028",,22,,-12,,-0.07,
,2306,Coatbridge North and Glenboig,"18,691",,394,,"18,719",,150,,28,,0.15,,"18,662",,25,,-29,,-0.16,
,2307,Airdrie North,"18,074",,371,,"18,142",,131,,68,,0.38,,"18,359",,23,,285,,1.58,
,2308,Airdrie Central,"15,475",,314,,"15,323",,131,,-152,,-0.98,,"14,957",,19,,-518,,-3.35,
,2309,Coatbridge West,"13,489",,283,,"13,566",,110,,77,,0.57,,"14,292",,18,,803,,5.95,
,2310,Coatbridge South,"13,466",,262,,"13,416",,105,,-50,,-0.37,,"12,990",,18,,-476,,-3.53,
,2311,Airdrie South,"18,951",,345,,"19,082",,138,,131,,0.69,,"18,871",,26,,-80,,-0.42,
,2312,Fortissat,"15,707",,381,,"15,667",,119,,-40,,-0.25,,"15,502",,19,,-205,,-1.31,
,2313,Thorniewood,"15,469",,409,,"15,489",,124,,20,,0.13,,"15,365",,20,,-104,,-0.67,
,2314,Bellshill,"13,981",,312,,"13,859",,108,,-122,,-0.87,,"14,342",,19,,361,,2.58,
,2315,Mossend and Holytown,"13,780",,328,,"13,893",,110,,113,,0.82,,"14,120",,19,,340,,2.47,
,2316,Motherwell West,"13,684",,272,,"13,706",,113,,22,,0.16,,"13,631",,17,,-53,,-0.39,
,2317,Motherwell North,"16,557",,354,,"16,475",,131,,-82,,-0.50,,"15,647",,19,,-910,,-5.50,
,2318,Motherwell South East and Ravenscraig,"15,442",,351,,"15,333",,143,,-109,,-0.71,,"15,727",,21,,285,,1.85,
,2319,Murdostoun,"18,455",,406,,"18,430",,147,,-25,,-0.14,,"18,702",,25,,247,,1.34,
,2320,Wishaw,"18,221",,357,,"18,387",,148,,166,,0.91,,"18,320",,24,,99,,0.54,
,2401,Kirkwall East,"4,170",,138,,"4,210",,37,,40,,0.96,,"3,886",,6,,-284,,-6.81,
,2402,Kirkwall West and Orphir,"3,657",,143,,"3,614",,33,,-43,,-1.18,,"3,923",,5,,266,,7.27,
,2403,Stromness and South Isles,"2,628",,92,,"2,597",,25,,-31,,-1.18,,"2,853",,4,,225,,8.56,
,2404,West Mainland,"3,679",,125,,"3,750",,35,,71,,1.93,,"3,806",,5,,127,,3.45,
,2405,"East Mainland, South Ronaldsay and Burray","2,886",,61,,"2,852",,19,,-34,,-1.18,,"2,555",,4,,-331,,-11.47,
,2406,North Isles (Orkney),"2,225",,53,,"2,222",,19,,-3,,-0.13,,"2,222",,3,,-3,,-0.13,
,2501,Carse of Gowrie,"7,784",,279,,"7,717",,67,,-67,,-0.86,,"7,455",,10,,-329,,-4.23,
,2502,Strathmore,"13,988",,551,,"14,027",,124,,39,,0.28,,"14,254",,17,,266,,1.90,
,2503,Blairgowrie and Glens,"10,195",,404,,"10,154",,89,,-41,,-0.40,,"10,169",,14,,-26,,-0.26,
,2504,Highland (Perth & Kinross),"9,114",,430,,"9,146",,81,,32,,0.35,,"9,070",,11,,-44,,-0.48,
,2505,Strathtay,"8,384",,378,,"8,575",,75,,191,,2.28,,"9,051",,12,,667,,7.96,
,2506,Strathearn,"10,066",,399,,"10,041",,87,,-25,,-0.25,,"10,192",,14,,126,,1.25,
,2507,Strathallan,"9,411",,368,,"9,277",,84,,-134,,-1.42,,"9,650",,13,,239,,2.54,
,2508,Kinross-shire,"12,068",,416,,"12,064",,95,,-4,,-0.03,,"12,279",,15,,211,,1.75,
,2509,Almond and Earn,"10,378",,386,,"10,447",,79,,69,,0.66,,"9,169",,12,,"-1,209",,-11.65,
,2510,Perth City South,"13,447",,326,,"13,310",,115,,-137,,-1.02,,"13,193",,16,,-254,,-1.89,
,2511,Perth City North,"15,079",,286,,"15,246",,130,,167,,1.11,,"15,447",,21,,368,,2.44,
,2512,Perth City Centre,"15,035",,408,,"14,945",,138,,-90,,-0.60,,"15,020",,20,,-15,,-0.10,
,2601,Renfrew North,"12,095",,266,,"11,978",,102,,-117,,-0.97,,"12,305",,16,,210,,1.74,
,2602,Renfrew South & Gallowhill,"13,723",,380,,"13,836",,126,,113,,0.82,,"13,509",,17,,-214,,-1.56,
,2603,Paisley East & Ralston,"16,809",,425,,"16,771",,151,,-38,,-0.23,,"16,273",,18,,-536,,-3.19,
,2604,Paisley North West,"18,682",,498,,"18,569",,186,,-113,,-0.60,,"18,388",,24,,-294,,-1.57,
,2605,Paisley South,"18,166",,416,,"18,116",,152,,-50,,-0.28,,"18,259",,22,,93,,0.51,
,2606,Paisley South West,"16,944",,405,,"17,143",,148,,199,,1.17,,"18,174",,23,,"1,230",,7.26,
,2607,"Johnstone South, Elderslie & Howwood","17,362",,458,,"17,344",,151,,-18,,-0.10,,"16,317",,18,,"-1,045",,-6.02,
,2608,"Johnstone North, Kilbarchan & Lochwinnoch","13,106",,354,,"13,135",,112,,29,,0.22,,"13,384",,17,,278,,2.12,
,2609,"Houston, Crosslee & Linwood","16,976",,354,,"16,851",,129,,-125,,-0.74,,"17,518",,22,,542,,3.19,
,2610,"Bishopton, Bridge of Weir & Langbank","11,665",,356,,"11,798",,87,,133,,1.14,,"11,749",,15,,84,,0.72,
,2611,Erskine & Inchinnan,"17,339",,250,,"17,326",,129,,-13,,-0.07,,"16,991",,22,,-348,,-2.01,
,2701,North Isles (Shetland),"2,873",,72,,"2,873",,22,,0,,0.00,,"2,873",,4,,0,,0.00,
,2702,Shetland North,"3,145",,76,,"3,145",,26,,0,,0.00,,"3,145",,4,,0,,0.00,
,2703,Shetland West,"2,435",,47,,"2,372",,17,,-63,,-2.59,,"2,569",,4,,134,,5.50,
,2704,Shetland Central,"2,683",,59,,"2,750",,24,,67,,2.50,,"2,461",,3,,-222,,-8.27,
,2705,Shetland South,"3,121",,52,,"3,135",,22,,14,,0.45,,"2,972",,4,,-149,,-4.77,
,2706,Lerwick North,"3,258",,132,,"3,235",,32,,-23,,-0.71,,"2,832",,4,,-426,,-13.08,
,2707,Lerwick South,"4,473",,106,,"4,478",,37,,5,,0.11,,"5,136",,7,,663,,14.82,
,2801,Troon,"15,350",,334,,"15,468",,127,,118,,0.77,,"15,158",,21,,-192,,-1.25,
,2802,Prestwick,"15,750",,384,,"15,776",,136,,26,,0.17,,"15,677",,21,,-73,,-0.46,
,2803,Ayr North,"16,729",,420,,"16,619",,146,,-110,,-0.66,,"16,498",,21,,-231,,-1.38,
,2804,Ayr East,"15,279",,351,,"15,232",,125,,-47,,-0.31,,"15,765",,21,,486,,3.18,
,2805,Ayr West,"13,797",,452,,"13,817",,123,,20,,0.14,,"13,786",,18,,-11,,-0.08,
,2806,Kyle,"10,897",,371,,"11,071",,90,,174,,1.60,,"11,650",,14,,753,,6.91,
,2807,"Maybole, North Carrick and Coylton","13,782",,522,,"13,507",,114,,-275,,-2.00,,"13,465",,17,,-317,,-2.30,
,2808,Girvan and South Carrick,"10,513",,348,,"10,607",,89,,94,,0.89,,"10,098",,14,,-415,,-3.95,
,2901,Clydesdale West,"18,577",,431,,"18,657",,147,,80,,0.43,,"19,068",,26,,491,,2.64,
,2902,Clydesdale North,"14,031",,392,,"14,014",,118,,-17,,-0.12,,"14,018",,20,,-13,,-0.09,
,2903,Clydesdale East,"12,087",,408,,"11,998",,94,,-89,,-0.74,,"11,958",,16,,-129,,-1.07,
,2904,Clydesdale South,"13,889",,364,,"13,915",,107,,26,,0.19,,"13,540",,18,,-349,,-2.51,
,2905,Avondale and Stonehouse,"16,436",,428,,"16,496",,125,,60,,0.37,,"16,281",,22,,-155,,-0.94,
,2906,East Kilbride South,"14,882",,207,,"14,837",,101,,-45,,-0.30,,"14,906",,20,,24,,0.16,
,2907,East Kilbride Central South,"14,860",,328,,"14,831",,131,,-29,,-0.20,,"13,495",,17,,"-1,365",,-9.19,
,2908,East Kilbride Central North,"18,066",,402,,"18,091",,161,,25,,0.14,,"19,227",,26,,"1,161",,6.43,
,2909,East Kilbride West,"14,354",,338,,"14,463",,101,,109,,0.76,,"15,449",,22,,"1,095",,7.63,
,2910,East Kilbride East,"12,630",,218,,"12,465",,103,,-165,,-1.31,,"11,676",,15,,-954,,-7.55,
,2911,Rutherglen South,"15,317",,376,,"15,310",,131,,-7,,-0.05,,"16,498",,22,,"1,181",,7.71,
,2912,Rutherglen Central and North,"14,054",,350,,"13,962",,131,,-92,,-0.65,,"12,549",,16,,"-1,505",,-10.71,
,2913,Cambuslang West,"14,300",,334,,"14,326",,118,,26,,0.18,,"14,294",,18,,-6,,-0.04,
,2914,Cambuslang East,"11,419",,289,,"11,492",,88,,73,,0.64,,"11,683",,15,,264,,2.31,
,2915,Blantyre,"17,392",,444,,"17,383",,147,,-9,,-0.05,,"17,552",,24,,160,,0.92,
,2916,Bothwell and Uddingston,"11,955",,373,,"11,955",,96,,0,,0.00,,"11,955",,15,,0,,0.00,
,2917,Hamilton North and East,"13,653",,377,,"13,816",,120,,163,,1.19,,"14,347",,17,,694,,5.08,
,2918,Hamilton West and Earnock,"16,121",,295,,"16,053",,124,,-68,,-0.42,,"15,469",,20,,-652,,-4.04,
,2919,Hamilton South,"19,068",,334,,"19,079",,144,,11,,0.06,,"19,363",,25,,295,,1.55,
,2920,Larkhall,"19,125",,503,,"19,073",,157,,-52,,-0.27,,"18,888",,24,,-237,,-1.24,
,3001,Trossachs and Teith,"11,171",,434,,"11,305",,92,,134,,1.20,,"11,325",,15,,154,,1.38,
,3002,Forth and Endrick,"12,204",,474,,"12,241",,99,,37,,0.30,,"11,872",,16,,-332,,-2.72,
,3003,Dunblane and Bridge of Allan,"15,663",,426,,"15,605",,113,,-58,,-0.37,,"15,807",,18,,144,,0.92,
,3004,Castle,"11,540",,305,,"11,385",,93,,-155,,-1.34,,"11,776",,16,,236,,2.05,
,3005,Stirling West,"11,420",,327,,"11,414",,101,,-6,,-0.05,,"11,788",,14,,368,,3.22,
,3006,Stirling East,"12,926",,286,,"13,006",,114,,80,,0.62,,"12,010",,17,,-916,,-7.09,
,3007,Bannockburn,"11,288",,267,,"11,256",,82,,-32,,-0.28,,"11,634",,14,,346,,3.07,
,3101,Linlithgow,"15,602",,352,,"15,598",,118,,-4,,-0.03,,"15,828",,21,,226,,1.45,
,3102,"Broxburn, Uphall and Winchburgh","17,064",,450,,"16,986",,143,,-78,,-0.46,,"16,701",,21,,-363,,-2.13,
,3103,Livingston North,"21,175",,284,,"21,119",,150,,-56,,-0.26,,"19,923",,28,,"-1,252",,-5.91,
,3104,Livingston South,"22,548",,315,,"22,615",,156,,67,,0.30,,"23,756",,31,,"1,208",,5.36,
,3105,East Livingston and East Calder,"19,723",,431,,"19,825",,156,,102,,0.52,,"19,571",,25,,-152,,-0.77,
,3106,Fauldhouse and the Breich Valley,"15,174",,407,,"14,993",,119,,-181,,-1.19,,"15,454",,20,,280,,1.85,
,3107,Whitburn and Blackburn,"19,077",,514,,"19,196",,158,,119,,0.62,,"19,148",,25,,71,,0.37,
,3108,Bathgate,"15,523",,402,,"15,534",,128,,11,,0.07,,"15,485",,22,,-38,,-0.24,
,3109,Armadale and Blackridge,"12,834",,320,,"12,848",,110,,14,,0.11,,"12,848",,18,,14,,0.11,
,3201,"Barraigh, Bhatarsaigh, Eirisgeigh agus Uibhist a Deas","3,123",,117,,"3,123",,27,,0,,0.00,,"3,123",,5,,0,,0.00,
,3202,Beinn na Foghla agus Uibhist a Tuath,"2,906",,118,,"2,906",,26,,0,,0.00,,"2,906",,4,,0,,0.00,
,3203,Na Hearadh agus Ceann a Deas nan Loch,"2,411",,116,,"2,392",,24,,-19,,-0.79,,"2,949",,3,,538,,22.31,
,3204,Sgir'Uige agus Ceann a Tuath nan Loch,"2,903",,98,,"2,933",,28,,30,,1.03,,"2,118",,3,,-785,,-27.04,
,3205,Sgire an Rubha,"2,209",,47,,"2,209",,18,,0,,0.00,,"1,980",,3,,-229,,-10.37,
,3206,Ste‗rnabhagh a Deas,"3,671",,150,,"3,675",,35,,4,,0.11,,"4,095",,5,,424,,11.55,
,3207,Ste‗rnabhagh a Tuath,"3,753",,97,,"3,749",,29,,-4,,-0.11,,"3,558",,5,,-195,,-5.20,
,3208,Loch a Tuath,"2,382",,51,,"2,382",,15,,0,,0.00,,"2,382",,3,,0,,0.00,
,3209,An Taobh Siar agus Nis,"3,144",,69,,"3,133",,27,,-11,,-0.35,,"3,391",,5,,247,,7.86,
,TOTAL,,"5,062,011",,"139,045",,"5,062,011",,"42,604",,0,,0.11,,"5,062,011",,"6,505",,0,,-14.33,
,,,,,,,,,,,,,,,,,,,,,,
,,,,,,,,,,,,,,,,,,,,,,